-- V3 Seed masivo: 10 editoriales, 7 géneros, 200 libros, y relaciones en libros_generos
-- Nota: este seed asume tablas: editoriales(id,nombre), generos(id,nombre), libros(..., editorial_id), libros_generos(libro_id,genero_id)

-- ==========================
-- Editoriales (10)
-- ==========================
INSERT INTO editoriales (id, nombre) VALUES (1, 'Aurora Editorial');
INSERT INTO editoriales (id, nombre) VALUES (2, 'Papel y Tinta');
INSERT INTO editoriales (id, nombre) VALUES (3, 'Norte Narrativo');
INSERT INTO editoriales (id, nombre) VALUES (4, 'Lumen Sur');
INSERT INTO editoriales (id, nombre) VALUES (5, 'Atlas de Letras');
INSERT INTO editoriales (id, nombre) VALUES (6, 'Brújula Books');
INSERT INTO editoriales (id, nombre) VALUES (7, 'Sello Marfil');
INSERT INTO editoriales (id, nombre) VALUES (8, 'Cobalto Ediciones');
INSERT INTO editoriales (id, nombre) VALUES (9, 'Círculo de Lectores Moderno');
INSERT INTO editoriales (id, nombre) VALUES (10, 'Pórtico Editorial');

-- ==========================
-- Géneros (7)
-- ==========================
INSERT INTO generos (id, nombre) VALUES (1, 'Fantasía');
INSERT INTO generos (id, nombre) VALUES (2, 'Ciencia Ficción');
INSERT INTO generos (id, nombre) VALUES (3, 'Misterio');
INSERT INTO generos (id, nombre) VALUES (4, 'Thriller');
INSERT INTO generos (id, nombre) VALUES (5, 'Romance');
INSERT INTO generos (id, nombre) VALUES (6, 'Historia');
INSERT INTO generos (id, nombre) VALUES (7, 'Tecnología');

-- ==========================
-- Libros (200)
-- Columnas esperadas: id, tittle, author, isbn, fecha_publicacion, precio, disponible, editorial_id
-- ==========================
INSERT INTO libros (id, tittle, author, isbn, fecha_publicacion, precio, disponible, editorial_id) VALUES (1, 'El Ciudad Silenciosa de Cristal', 'Santiago Cortés', '9780000000001', DATE '2001-02-02', 10.75, TRUE, 1);
INSERT INTO libros (id, tittle, author, isbn, fecha_publicacion, precio, disponible, editorial_id) VALUES (2, 'El Biblioteca Última del Viento', 'Martina Silva', '9780000000002', DATE '2002-03-03', 11.50, TRUE, 2);
INSERT INTO libros (id, tittle, author, isbn, fecha_publicacion, precio, disponible, editorial_id) VALUES (3, 'La Constelación Infinita de Ceniza', 'Tomás Herrera', '9780000000003', DATE '2003-04-04', 12.25, TRUE, 3);
INSERT INTO libros (id, tittle, author, isbn, fecha_publicacion, precio, disponible, editorial_id) VALUES (4, 'El Puerta Perdida del Norte', 'Isabella Navarro', '9780000000004', DATE '2004-05-05', 13.00, TRUE, 4);
INSERT INTO libros (id, tittle, author, isbn, fecha_publicacion, precio, disponible, editorial_id) VALUES (5, 'El Sombra Oscura de Medianoche', 'Julián Serrano', '9780000000005', DATE '2005-06-06', 13.75, TRUE, 5);
INSERT INTO libros (id, tittle, author, isbn, fecha_publicacion, precio, disponible, editorial_id) VALUES (6, 'La Isla Secreta de Sal', 'Paula Salazar', '9780000000006', DATE '2006-07-07', 14.50, TRUE, 6);
INSERT INTO libros (id, tittle, author, isbn, fecha_publicacion, precio, disponible, editorial_id) VALUES (7, 'El Tormenta Azul de Fuego', 'Mateo Ortega', '9780000000007', DATE '2007-08-08', 15.25, TRUE, 7);
INSERT INTO libros (id, tittle, author, isbn, fecha_publicacion, precio, disponible, editorial_id) VALUES (8, 'El Ruta Rota de Papel', 'Camila Ibáñez', '9780000000008', DATE '2008-09-09', 16.00, TRUE, 8);
INSERT INTO libros (id, tittle, author, isbn, fecha_publicacion, precio, disponible, editorial_id) VALUES (9, 'La Memoria Brillante del Tiempo', 'Sebastián Vargas', '9780000000009', DATE '2009-10-10', 16.75, TRUE, 9);
INSERT INTO libros (id, tittle, author, isbn, fecha_publicacion, precio, disponible, editorial_id) VALUES (10, 'El Frontera Errante de los Sueños', 'Emma Luna', '9780000000010', DATE '2010-11-11', 17.50, TRUE, 10);
INSERT INTO libros (id, tittle, author, isbn, fecha_publicacion, precio, disponible, editorial_id) VALUES (11, 'El Máquina Prohibida de Hierro', 'Gabriel Medina', '9780000000011', DATE '2011-12-12', 18.25, TRUE, 1);
INSERT INTO libros (id, tittle, author, isbn, fecha_publicacion, precio, disponible, editorial_id) VALUES (12, 'La Catedral Frágil del Olvido', 'Elena Mendoza', '9780000000012', DATE '2012-01-13', 19.00, TRUE, 2);
INSERT INTO libros (id, tittle, author, isbn, fecha_publicacion, precio, disponible, editorial_id) VALUES (13, 'El Carta Antigua de la Niebla', 'Andrés Reyes', '9780000000013', DATE '2013-02-14', 19.75, TRUE, 3);
INSERT INTO libros (id, tittle, author, isbn, fecha_publicacion, precio, disponible, editorial_id) VALUES (14, 'El Llave Salvaje de la Lluvia', 'Valentina Castro', '9780000000014', DATE '2014-03-15', 20.50, TRUE, 4);
INSERT INTO libros (id, tittle, author, isbn, fecha_publicacion, precio, disponible, editorial_id) VALUES (15, 'La Ecosistema Lenta del Código', 'Nicolás Pineda', '9780000000015', DATE '2015-04-16', 21.25, TRUE, 5);
INSERT INTO libros (id, tittle, author, isbn, fecha_publicacion, precio, disponible, editorial_id) VALUES (16, 'El Archivo Imposible de Cristal', 'Sofía Guzmán', '9780000000016', DATE '2016-05-17', 22.00, TRUE, 6);
INSERT INTO libros (id, tittle, author, isbn, fecha_publicacion, precio, disponible, editorial_id) VALUES (17, 'El Tren Paralela del Viento', 'Daniel Delgado', '9780000000017', DATE '2017-06-18', 22.75, TRUE, 7);
INSERT INTO libros (id, tittle, author, isbn, fecha_publicacion, precio, disponible, editorial_id) VALUES (18, 'La Mapa Sagrada de Ceniza', 'Renata Quintero', '9780000000018', DATE '2018-07-19', 23.50, TRUE, 8);
INSERT INTO libros (id, tittle, author, isbn, fecha_publicacion, precio, disponible, editorial_id) VALUES (19, 'El Algoritmo Invisible del Norte', 'Diego Campos', '9780000000019', DATE '2019-08-20', 24.25, TRUE, 9);
INSERT INTO libros (id, tittle, author, isbn, fecha_publicacion, precio, disponible, editorial_id) VALUES (20, 'El Jardín Eterna de Medianoche', 'Lucía Ríos', '9780000000020', DATE '2020-09-21', 25.00, TRUE, 10);
INSERT INTO libros (id, tittle, author, isbn, fecha_publicacion, precio, disponible, editorial_id) VALUES (21, 'La Ciudad Silenciosa de Sal', 'Santiago Cortés', '9780000000021', DATE '2021-10-22', 25.75, TRUE, 1);
INSERT INTO libros (id, tittle, author, isbn, fecha_publicacion, precio, disponible, editorial_id) VALUES (22, 'El Biblioteca Última de Fuego', 'Martina Silva', '9780000000022', DATE '2022-11-23', 26.50, TRUE, 2);
INSERT INTO libros (id, tittle, author, isbn, fecha_publicacion, precio, disponible, editorial_id) VALUES (23, 'El Constelación Infinita de Papel', 'Tomás Herrera', '9780000000023', DATE '2023-12-24', 27.25, TRUE, 3);
INSERT INTO libros (id, tittle, author, isbn, fecha_publicacion, precio, disponible, editorial_id) VALUES (24, 'La Puerta Perdida del Tiempo', 'Isabella Navarro', '9780000000024', DATE '2024-01-25', 28.00, TRUE, 4);
INSERT INTO libros (id, tittle, author, isbn, fecha_publicacion, precio, disponible, editorial_id) VALUES (25, 'El Sombra Oscura de los Sueños', 'Julián Serrano', '9780000000025', DATE '2025-02-26', 28.75, TRUE, 5);
INSERT INTO libros (id, tittle, author, isbn, fecha_publicacion, precio, disponible, editorial_id) VALUES (26, 'El Isla Secreta de Hierro', 'Paula Salazar', '9780000000026', DATE '2000-03-27', 29.50, TRUE, 6);
INSERT INTO libros (id, tittle, author, isbn, fecha_publicacion, precio, disponible, editorial_id) VALUES (27, 'La Tormenta Azul del Olvido', 'Mateo Ortega', '9780000000027', DATE '2001-04-28', 30.25, TRUE, 7);
INSERT INTO libros (id, tittle, author, isbn, fecha_publicacion, precio, disponible, editorial_id) VALUES (28, 'El Ruta Rota de la Niebla', 'Camila Ibáñez', '9780000000028', DATE '2002-05-01', 31.00, TRUE, 8);
INSERT INTO libros (id, tittle, author, isbn, fecha_publicacion, precio, disponible, editorial_id) VALUES (29, 'El Memoria Brillante de la Lluvia', 'Sebastián Vargas', '9780000000029', DATE '2003-06-02', 31.75, TRUE, 9);
INSERT INTO libros (id, tittle, author, isbn, fecha_publicacion, precio, disponible, editorial_id) VALUES (30, 'La Frontera Errante del Código', 'Emma Luna', '9780000000030', DATE '2004-07-03', 32.50, TRUE, 10);
INSERT INTO libros (id, tittle, author, isbn, fecha_publicacion, precio, disponible, editorial_id) VALUES (31, 'El Máquina Prohibida de Cristal', 'Gabriel Medina', '9780000000031', DATE '2005-08-04', 33.25, TRUE, 1);
INSERT INTO libros (id, tittle, author, isbn, fecha_publicacion, precio, disponible, editorial_id) VALUES (32, 'El Catedral Frágil del Viento', 'Elena Mendoza', '9780000000032', DATE '2006-09-05', 34.00, TRUE, 2);
INSERT INTO libros (id, tittle, author, isbn, fecha_publicacion, precio, disponible, editorial_id) VALUES (33, 'La Carta Antigua de Ceniza', 'Andrés Reyes', '9780000000033', DATE '2007-10-06', 34.75, TRUE, 3);
INSERT INTO libros (id, tittle, author, isbn, fecha_publicacion, precio, disponible, editorial_id) VALUES (34, 'El Llave Salvaje del Norte', 'Valentina Castro', '9780000000034', DATE '2008-11-07', 35.50, TRUE, 4);
INSERT INTO libros (id, tittle, author, isbn, fecha_publicacion, precio, disponible, editorial_id) VALUES (35, 'El Ecosistema Lenta de Medianoche', 'Nicolás Pineda', '9780000000035', DATE '2009-12-08', 36.25, TRUE, 5);
INSERT INTO libros (id, tittle, author, isbn, fecha_publicacion, precio, disponible, editorial_id) VALUES (36, 'La Archivo Imposible de Sal', 'Sofía Guzmán', '9780000000036', DATE '2010-01-09', 37.00, TRUE, 6);
INSERT INTO libros (id, tittle, author, isbn, fecha_publicacion, precio, disponible, editorial_id) VALUES (37, 'El Tren Paralela de Fuego', 'Daniel Delgado', '9780000000037', DATE '2011-02-10', 37.75, TRUE, 7);
INSERT INTO libros (id, tittle, author, isbn, fecha_publicacion, precio, disponible, editorial_id) VALUES (38, 'El Mapa Sagrada de Papel', 'Renata Quintero', '9780000000038', DATE '2012-03-11', 38.50, TRUE, 8);
INSERT INTO libros (id, tittle, author, isbn, fecha_publicacion, precio, disponible, editorial_id) VALUES (39, 'La Algoritmo Invisible del Tiempo', 'Diego Campos', '9780000000039', DATE '2013-04-12', 39.25, TRUE, 9);
INSERT INTO libros (id, tittle, author, isbn, fecha_publicacion, precio, disponible, editorial_id) VALUES (40, 'El Jardín Eterna de los Sueños', 'Lucía Ríos', '9780000000040', DATE '2014-05-13', 40.00, TRUE, 10);
INSERT INTO libros (id, tittle, author, isbn, fecha_publicacion, precio, disponible, editorial_id) VALUES (41, 'El Ciudad Silenciosa de Hierro', 'Santiago Cortés', '9780000000041', DATE '2015-06-14', 40.75, TRUE, 1);
INSERT INTO libros (id, tittle, author, isbn, fecha_publicacion, precio, disponible, editorial_id) VALUES (42, 'La Biblioteca Última del Olvido', 'Martina Silva', '9780000000042', DATE '2016-07-15', 41.50, TRUE, 2);
INSERT INTO libros (id, tittle, author, isbn, fecha_publicacion, precio, disponible, editorial_id) VALUES (43, 'El Constelación Infinita de la Niebla', 'Tomás Herrera', '9780000000043', DATE '2017-08-16', 42.25, TRUE, 3);
INSERT INTO libros (id, tittle, author, isbn, fecha_publicacion, precio, disponible, editorial_id) VALUES (44, 'El Puerta Perdida de la Lluvia', 'Isabella Navarro', '9780000000044', DATE '2018-09-17', 43.00, TRUE, 4);
INSERT INTO libros (id, tittle, author, isbn, fecha_publicacion, precio, disponible, editorial_id) VALUES (45, 'La Sombra Oscura del Código', 'Julián Serrano', '9780000000045', DATE '2019-10-18', 43.75, TRUE, 5);
INSERT INTO libros (id, tittle, author, isbn, fecha_publicacion, precio, disponible, editorial_id) VALUES (46, 'El Isla Secreta de Cristal', 'Paula Salazar', '9780000000046', DATE '2020-11-19', 44.50, TRUE, 6);
INSERT INTO libros (id, tittle, author, isbn, fecha_publicacion, precio, disponible, editorial_id) VALUES (47, 'El Tormenta Azul del Viento', 'Mateo Ortega', '9780000000047', DATE '2021-12-20', 45.25, TRUE, 7);
INSERT INTO libros (id, tittle, author, isbn, fecha_publicacion, precio, disponible, editorial_id) VALUES (48, 'La Ruta Rota de Ceniza', 'Camila Ibáñez', '9780000000048', DATE '2022-01-21', 46.00, TRUE, 8);
INSERT INTO libros (id, tittle, author, isbn, fecha_publicacion, precio, disponible, editorial_id) VALUES (49, 'El Memoria Brillante del Norte', 'Sebastián Vargas', '9780000000049', DATE '2023-02-22', 46.75, TRUE, 9);
INSERT INTO libros (id, tittle, author, isbn, fecha_publicacion, precio, disponible, editorial_id) VALUES (50, 'El Frontera Errante de Medianoche', 'Emma Luna', '9780000000050', DATE '2024-03-23', 10.00, TRUE, 10);
INSERT INTO libros (id, tittle, author, isbn, fecha_publicacion, precio, disponible, editorial_id) VALUES (51, 'La Máquina Prohibida de Sal', 'Gabriel Medina', '9780000000051', DATE '2025-04-24', 10.75, TRUE, 1);
INSERT INTO libros (id, tittle, author, isbn, fecha_publicacion, precio, disponible, editorial_id) VALUES (52, 'El Catedral Frágil de Fuego', 'Elena Mendoza', '9780000000052', DATE '2000-05-25', 11.50, TRUE, 2);
INSERT INTO libros (id, tittle, author, isbn, fecha_publicacion, precio, disponible, editorial_id) VALUES (53, 'El Carta Antigua de Papel', 'Andrés Reyes', '9780000000053', DATE '2001-06-26', 12.25, TRUE, 3);
INSERT INTO libros (id, tittle, author, isbn, fecha_publicacion, precio, disponible, editorial_id) VALUES (54, 'La Llave Salvaje del Tiempo', 'Valentina Castro', '9780000000054', DATE '2002-07-27', 13.00, TRUE, 4);
INSERT INTO libros (id, tittle, author, isbn, fecha_publicacion, precio, disponible, editorial_id) VALUES (55, 'El Ecosistema Lenta de los Sueños', 'Nicolás Pineda', '9780000000055', DATE '2003-08-28', 13.75, TRUE, 5);
INSERT INTO libros (id, tittle, author, isbn, fecha_publicacion, precio, disponible, editorial_id) VALUES (56, 'El Archivo Imposible de Hierro', 'Sofía Guzmán', '9780000000056', DATE '2004-09-01', 14.50, TRUE, 6);
INSERT INTO libros (id, tittle, author, isbn, fecha_publicacion, precio, disponible, editorial_id) VALUES (57, 'La Tren Paralela del Olvido', 'Daniel Delgado', '9780000000057', DATE '2005-10-02', 15.25, TRUE, 7);
INSERT INTO libros (id, tittle, author, isbn, fecha_publicacion, precio, disponible, editorial_id) VALUES (58, 'El Mapa Sagrada de la Niebla', 'Renata Quintero', '9780000000058', DATE '2006-11-03', 16.00, TRUE, 8);
INSERT INTO libros (id, tittle, author, isbn, fecha_publicacion, precio, disponible, editorial_id) VALUES (59, 'El Algoritmo Invisible de la Lluvia', 'Diego Campos', '9780000000059', DATE '2007-12-04', 16.75, TRUE, 9);
INSERT INTO libros (id, tittle, author, isbn, fecha_publicacion, precio, disponible, editorial_id) VALUES (60, 'La Jardín Eterna del Código', 'Lucía Ríos', '9780000000060', DATE '2008-01-05', 17.50, TRUE, 10);
INSERT INTO libros (id, tittle, author, isbn, fecha_publicacion, precio, disponible, editorial_id) VALUES (61, 'El Ciudad Silenciosa de Cristal', 'Santiago Cortés', '9780000000061', DATE '2009-02-06', 18.25, TRUE, 1);
INSERT INTO libros (id, tittle, author, isbn, fecha_publicacion, precio, disponible, editorial_id) VALUES (62, 'El Biblioteca Última del Viento', 'Martina Silva', '9780000000062', DATE '2010-03-07', 19.00, TRUE, 2);
INSERT INTO libros (id, tittle, author, isbn, fecha_publicacion, precio, disponible, editorial_id) VALUES (63, 'La Constelación Infinita de Ceniza', 'Tomás Herrera', '9780000000063', DATE '2011-04-08', 19.75, TRUE, 3);
INSERT INTO libros (id, tittle, author, isbn, fecha_publicacion, precio, disponible, editorial_id) VALUES (64, 'El Puerta Perdida del Norte', 'Isabella Navarro', '9780000000064', DATE '2012-05-09', 20.50, TRUE, 4);
INSERT INTO libros (id, tittle, author, isbn, fecha_publicacion, precio, disponible, editorial_id) VALUES (65, 'El Sombra Oscura de Medianoche', 'Julián Serrano', '9780000000065', DATE '2013-06-10', 21.25, TRUE, 5);
INSERT INTO libros (id, tittle, author, isbn, fecha_publicacion, precio, disponible, editorial_id) VALUES (66, 'La Isla Secreta de Sal', 'Paula Salazar', '9780000000066', DATE '2014-07-11', 22.00, TRUE, 6);
INSERT INTO libros (id, tittle, author, isbn, fecha_publicacion, precio, disponible, editorial_id) VALUES (67, 'El Tormenta Azul de Fuego', 'Mateo Ortega', '9780000000067', DATE '2015-08-12', 22.75, TRUE, 7);
INSERT INTO libros (id, tittle, author, isbn, fecha_publicacion, precio, disponible, editorial_id) VALUES (68, 'El Ruta Rota de Papel', 'Camila Ibáñez', '9780000000068', DATE '2016-09-13', 23.50, TRUE, 8);
INSERT INTO libros (id, tittle, author, isbn, fecha_publicacion, precio, disponible, editorial_id) VALUES (69, 'La Memoria Brillante del Tiempo', 'Sebastián Vargas', '9780000000069', DATE '2017-10-14', 24.25, TRUE, 9);
INSERT INTO libros (id, tittle, author, isbn, fecha_publicacion, precio, disponible, editorial_id) VALUES (70, 'El Frontera Errante de los Sueños', 'Emma Luna', '9780000000070', DATE '2018-11-15', 25.00, TRUE, 10);
INSERT INTO libros (id, tittle, author, isbn, fecha_publicacion, precio, disponible, editorial_id) VALUES (71, 'El Máquina Prohibida de Hierro', 'Gabriel Medina', '9780000000071', DATE '2019-12-16', 25.75, TRUE, 1);
INSERT INTO libros (id, tittle, author, isbn, fecha_publicacion, precio, disponible, editorial_id) VALUES (72, 'La Catedral Frágil del Olvido', 'Elena Mendoza', '9780000000072', DATE '2020-01-17', 26.50, TRUE, 2);
INSERT INTO libros (id, tittle, author, isbn, fecha_publicacion, precio, disponible, editorial_id) VALUES (73, 'El Carta Antigua de la Niebla', 'Andrés Reyes', '9780000000073', DATE '2021-02-18', 27.25, TRUE, 3);
INSERT INTO libros (id, tittle, author, isbn, fecha_publicacion, precio, disponible, editorial_id) VALUES (74, 'El Llave Salvaje de la Lluvia', 'Valentina Castro', '9780000000074', DATE '2022-03-19', 28.00, TRUE, 4);
INSERT INTO libros (id, tittle, author, isbn, fecha_publicacion, precio, disponible, editorial_id) VALUES (75, 'La Ecosistema Lenta del Código', 'Nicolás Pineda', '9780000000075', DATE '2023-04-20', 28.75, TRUE, 5);
INSERT INTO libros (id, tittle, author, isbn, fecha_publicacion, precio, disponible, editorial_id) VALUES (76, 'El Archivo Imposible de Cristal', 'Sofía Guzmán', '9780000000076', DATE '2024-05-21', 29.50, TRUE, 6);
INSERT INTO libros (id, tittle, author, isbn, fecha_publicacion, precio, disponible, editorial_id) VALUES (77, 'El Tren Paralela del Viento', 'Daniel Delgado', '9780000000077', DATE '2025-06-22', 30.25, TRUE, 7);
INSERT INTO libros (id, tittle, author, isbn, fecha_publicacion, precio, disponible, editorial_id) VALUES (78, 'La Mapa Sagrada de Ceniza', 'Renata Quintero', '9780000000078', DATE '2000-07-23', 31.00, TRUE, 8);
INSERT INTO libros (id, tittle, author, isbn, fecha_publicacion, precio, disponible, editorial_id) VALUES (79, 'El Algoritmo Invisible del Norte', 'Diego Campos', '9780000000079', DATE '2001-08-24', 31.75, TRUE, 9);
INSERT INTO libros (id, tittle, author, isbn, fecha_publicacion, precio, disponible, editorial_id) VALUES (80, 'El Jardín Eterna de Medianoche', 'Lucía Ríos', '9780000000080', DATE '2002-09-25', 32.50, TRUE, 10);
INSERT INTO libros (id, tittle, author, isbn, fecha_publicacion, precio, disponible, editorial_id) VALUES (81, 'La Ciudad Silenciosa de Sal', 'Santiago Cortés', '9780000000081', DATE '2003-10-26', 33.25, TRUE, 1);
INSERT INTO libros (id, tittle, author, isbn, fecha_publicacion, precio, disponible, editorial_id) VALUES (82, 'El Biblioteca Última de Fuego', 'Martina Silva', '9780000000082', DATE '2004-11-27', 34.00, TRUE, 2);
INSERT INTO libros (id, tittle, author, isbn, fecha_publicacion, precio, disponible, editorial_id) VALUES (83, 'El Constelación Infinita de Papel', 'Tomás Herrera', '9780000000083', DATE '2005-12-28', 34.75, TRUE, 3);
INSERT INTO libros (id, tittle, author, isbn, fecha_publicacion, precio, disponible, editorial_id) VALUES (84, 'La Puerta Perdida del Tiempo', 'Isabella Navarro', '9780000000084', DATE '2006-01-01', 35.50, TRUE, 4);
INSERT INTO libros (id, tittle, author, isbn, fecha_publicacion, precio, disponible, editorial_id) VALUES (85, 'El Sombra Oscura de los Sueños', 'Julián Serrano', '9780000000085', DATE '2007-02-02', 36.25, TRUE, 5);
INSERT INTO libros (id, tittle, author, isbn, fecha_publicacion, precio, disponible, editorial_id) VALUES (86, 'El Isla Secreta de Hierro', 'Paula Salazar', '9780000000086', DATE '2008-03-03', 37.00, TRUE, 6);
INSERT INTO libros (id, tittle, author, isbn, fecha_publicacion, precio, disponible, editorial_id) VALUES (87, 'La Tormenta Azul del Olvido', 'Mateo Ortega', '9780000000087', DATE '2009-04-04', 37.75, TRUE, 7);
INSERT INTO libros (id, tittle, author, isbn, fecha_publicacion, precio, disponible, editorial_id) VALUES (88, 'El Ruta Rota de la Niebla', 'Camila Ibáñez', '9780000000088', DATE '2010-05-05', 38.50, TRUE, 8);
INSERT INTO libros (id, tittle, author, isbn, fecha_publicacion, precio, disponible, editorial_id) VALUES (89, 'El Memoria Brillante de la Lluvia', 'Sebastián Vargas', '9780000000089', DATE '2011-06-06', 39.25, TRUE, 9);
INSERT INTO libros (id, tittle, author, isbn, fecha_publicacion, precio, disponible, editorial_id) VALUES (90, 'La Frontera Errante del Código', 'Emma Luna', '9780000000090', DATE '2012-07-07', 40.00, TRUE, 10);
INSERT INTO libros (id, tittle, author, isbn, fecha_publicacion, precio, disponible, editorial_id) VALUES (91, 'El Máquina Prohibida de Cristal', 'Gabriel Medina', '9780000000091', DATE '2013-08-08', 40.75, TRUE, 1);
INSERT INTO libros (id, tittle, author, isbn, fecha_publicacion, precio, disponible, editorial_id) VALUES (92, 'El Catedral Frágil del Viento', 'Elena Mendoza', '9780000000092', DATE '2014-09-09', 41.50, TRUE, 2);
INSERT INTO libros (id, tittle, author, isbn, fecha_publicacion, precio, disponible, editorial_id) VALUES (93, 'La Carta Antigua de Ceniza', 'Andrés Reyes', '9780000000093', DATE '2015-10-10', 42.25, TRUE, 3);
INSERT INTO libros (id, tittle, author, isbn, fecha_publicacion, precio, disponible, editorial_id) VALUES (94, 'El Llave Salvaje del Norte', 'Valentina Castro', '9780000000094', DATE '2016-11-11', 43.00, TRUE, 4);
INSERT INTO libros (id, tittle, author, isbn, fecha_publicacion, precio, disponible, editorial_id) VALUES (95, 'El Ecosistema Lenta de Medianoche', 'Nicolás Pineda', '9780000000095', DATE '2017-12-12', 43.75, TRUE, 5);
INSERT INTO libros (id, tittle, author, isbn, fecha_publicacion, precio, disponible, editorial_id) VALUES (96, 'La Archivo Imposible de Sal', 'Sofía Guzmán', '9780000000096', DATE '2018-01-13', 44.50, TRUE, 6);
INSERT INTO libros (id, tittle, author, isbn, fecha_publicacion, precio, disponible, editorial_id) VALUES (97, 'El Tren Paralela de Fuego', 'Daniel Delgado', '9780000000097', DATE '2019-02-14', 45.25, TRUE, 7);
INSERT INTO libros (id, tittle, author, isbn, fecha_publicacion, precio, disponible, editorial_id) VALUES (98, 'El Mapa Sagrada de Papel', 'Renata Quintero', '9780000000098', DATE '2020-03-15', 46.00, TRUE, 8);
INSERT INTO libros (id, tittle, author, isbn, fecha_publicacion, precio, disponible, editorial_id) VALUES (99, 'La Algoritmo Invisible del Tiempo', 'Diego Campos', '9780000000099', DATE '2021-04-16', 46.75, TRUE, 9);
INSERT INTO libros (id, tittle, author, isbn, fecha_publicacion, precio, disponible, editorial_id) VALUES (100, 'El Jardín Eterna de los Sueños', 'Lucía Ríos', '9780000000100', DATE '2022-05-17', 10.00, TRUE, 10);
INSERT INTO libros (id, tittle, author, isbn, fecha_publicacion, precio, disponible, editorial_id) VALUES (101, 'El Ciudad Silenciosa de Hierro', 'Santiago Cortés', '9780000000101', DATE '2023-06-18', 10.75, TRUE, 1);
INSERT INTO libros (id, tittle, author, isbn, fecha_publicacion, precio, disponible, editorial_id) VALUES (102, 'La Biblioteca Última del Olvido', 'Martina Silva', '9780000000102', DATE '2024-07-19', 11.50, TRUE, 2);
INSERT INTO libros (id, tittle, author, isbn, fecha_publicacion, precio, disponible, editorial_id) VALUES (103, 'El Constelación Infinita de la Niebla', 'Tomás Herrera', '9780000000103', DATE '2025-08-20', 12.25, TRUE, 3);
INSERT INTO libros (id, tittle, author, isbn, fecha_publicacion, precio, disponible, editorial_id) VALUES (104, 'El Puerta Perdida de la Lluvia', 'Isabella Navarro', '9780000000104', DATE '2000-09-21', 13.00, TRUE, 4);
INSERT INTO libros (id, tittle, author, isbn, fecha_publicacion, precio, disponible, editorial_id) VALUES (105, 'La Sombra Oscura del Código', 'Julián Serrano', '9780000000105', DATE '2001-10-22', 13.75, TRUE, 5);
INSERT INTO libros (id, tittle, author, isbn, fecha_publicacion, precio, disponible, editorial_id) VALUES (106, 'El Isla Secreta de Cristal', 'Paula Salazar', '9780000000106', DATE '2002-11-23', 14.50, TRUE, 6);
INSERT INTO libros (id, tittle, author, isbn, fecha_publicacion, precio, disponible, editorial_id) VALUES (107, 'El Tormenta Azul del Viento', 'Mateo Ortega', '9780000000107', DATE '2003-12-24', 15.25, TRUE, 7);
INSERT INTO libros (id, tittle, author, isbn, fecha_publicacion, precio, disponible, editorial_id) VALUES (108, 'La Ruta Rota de Ceniza', 'Camila Ibáñez', '9780000000108', DATE '2004-01-25', 16.00, TRUE, 8);
INSERT INTO libros (id, tittle, author, isbn, fecha_publicacion, precio, disponible, editorial_id) VALUES (109, 'El Memoria Brillante del Norte', 'Sebastián Vargas', '9780000000109', DATE '2005-02-26', 16.75, TRUE, 9);
INSERT INTO libros (id, tittle, author, isbn, fecha_publicacion, precio, disponible, editorial_id) VALUES (110, 'El Frontera Errante de Medianoche', 'Emma Luna', '9780000000110', DATE '2006-03-27', 17.50, TRUE, 10);
INSERT INTO libros (id, tittle, author, isbn, fecha_publicacion, precio, disponible, editorial_id) VALUES (111, 'La Máquina Prohibida de Sal', 'Gabriel Medina', '9780000000111', DATE '2007-04-28', 18.25, TRUE, 1);
INSERT INTO libros (id, tittle, author, isbn, fecha_publicacion, precio, disponible, editorial_id) VALUES (112, 'El Catedral Frágil de Fuego', 'Elena Mendoza', '9780000000112', DATE '2008-05-01', 19.00, TRUE, 2);
INSERT INTO libros (id, tittle, author, isbn, fecha_publicacion, precio, disponible, editorial_id) VALUES (113, 'El Carta Antigua de Papel', 'Andrés Reyes', '9780000000113', DATE '2009-06-02', 19.75, TRUE, 3);
INSERT INTO libros (id, tittle, author, isbn, fecha_publicacion, precio, disponible, editorial_id) VALUES (114, 'La Llave Salvaje del Tiempo', 'Valentina Castro', '9780000000114', DATE '2010-07-03', 20.50, TRUE, 4);
INSERT INTO libros (id, tittle, author, isbn, fecha_publicacion, precio, disponible, editorial_id) VALUES (115, 'El Ecosistema Lenta de los Sueños', 'Nicolás Pineda', '9780000000115', DATE '2011-08-04', 21.25, TRUE, 5);
INSERT INTO libros (id, tittle, author, isbn, fecha_publicacion, precio, disponible, editorial_id) VALUES (116, 'El Archivo Imposible de Hierro', 'Sofía Guzmán', '9780000000116', DATE '2012-09-05', 22.00, TRUE, 6);
INSERT INTO libros (id, tittle, author, isbn, fecha_publicacion, precio, disponible, editorial_id) VALUES (117, 'La Tren Paralela del Olvido', 'Daniel Delgado', '9780000000117', DATE '2013-10-06', 22.75, TRUE, 7);
INSERT INTO libros (id, tittle, author, isbn, fecha_publicacion, precio, disponible, editorial_id) VALUES (118, 'El Mapa Sagrada de la Niebla', 'Renata Quintero', '9780000000118', DATE '2014-11-07', 23.50, TRUE, 8);
INSERT INTO libros (id, tittle, author, isbn, fecha_publicacion, precio, disponible, editorial_id) VALUES (119, 'El Algoritmo Invisible de la Lluvia', 'Diego Campos', '9780000000119', DATE '2015-12-08', 24.25, TRUE, 9);
INSERT INTO libros (id, tittle, author, isbn, fecha_publicacion, precio, disponible, editorial_id) VALUES (120, 'La Jardín Eterna del Código', 'Lucía Ríos', '9780000000120', DATE '2016-01-09', 25.00, TRUE, 10);
INSERT INTO libros (id, tittle, author, isbn, fecha_publicacion, precio, disponible, editorial_id) VALUES (121, 'El Ciudad Silenciosa de Cristal', 'Santiago Cortés', '9780000000121', DATE '2017-02-10', 25.75, TRUE, 1);
INSERT INTO libros (id, tittle, author, isbn, fecha_publicacion, precio, disponible, editorial_id) VALUES (122, 'El Biblioteca Última del Viento', 'Martina Silva', '9780000000122', DATE '2018-03-11', 26.50, TRUE, 2);
INSERT INTO libros (id, tittle, author, isbn, fecha_publicacion, precio, disponible, editorial_id) VALUES (123, 'La Constelación Infinita de Ceniza', 'Tomás Herrera', '9780000000123', DATE '2019-04-12', 27.25, TRUE, 3);
INSERT INTO libros (id, tittle, author, isbn, fecha_publicacion, precio, disponible, editorial_id) VALUES (124, 'El Puerta Perdida del Norte', 'Isabella Navarro', '9780000000124', DATE '2020-05-13', 28.00, TRUE, 4);
INSERT INTO libros (id, tittle, author, isbn, fecha_publicacion, precio, disponible, editorial_id) VALUES (125, 'El Sombra Oscura de Medianoche', 'Julián Serrano', '9780000000125', DATE '2021-06-14', 28.75, TRUE, 5);
INSERT INTO libros (id, tittle, author, isbn, fecha_publicacion, precio, disponible, editorial_id) VALUES (126, 'La Isla Secreta de Sal', 'Paula Salazar', '9780000000126', DATE '2022-07-15', 29.50, TRUE, 6);
INSERT INTO libros (id, tittle, author, isbn, fecha_publicacion, precio, disponible, editorial_id) VALUES (127, 'El Tormenta Azul de Fuego', 'Mateo Ortega', '9780000000127', DATE '2023-08-16', 30.25, TRUE, 7);
INSERT INTO libros (id, tittle, author, isbn, fecha_publicacion, precio, disponible, editorial_id) VALUES (128, 'El Ruta Rota de Papel', 'Camila Ibáñez', '9780000000128', DATE '2024-09-17', 31.00, TRUE, 8);
INSERT INTO libros (id, tittle, author, isbn, fecha_publicacion, precio, disponible, editorial_id) VALUES (129, 'La Memoria Brillante del Tiempo', 'Sebastián Vargas', '9780000000129', DATE '2025-10-18', 31.75, TRUE, 9);
INSERT INTO libros (id, tittle, author, isbn, fecha_publicacion, precio, disponible, editorial_id) VALUES (130, 'El Frontera Errante de los Sueños', 'Emma Luna', '9780000000130', DATE '2000-11-19', 32.50, TRUE, 10);
INSERT INTO libros (id, tittle, author, isbn, fecha_publicacion, precio, disponible, editorial_id) VALUES (131, 'El Máquina Prohibida de Hierro', 'Gabriel Medina', '9780000000131', DATE '2001-12-20', 33.25, TRUE, 1);
INSERT INTO libros (id, tittle, author, isbn, fecha_publicacion, precio, disponible, editorial_id) VALUES (132, 'La Catedral Frágil del Olvido', 'Elena Mendoza', '9780000000132', DATE '2002-01-21', 34.00, TRUE, 2);
INSERT INTO libros (id, tittle, author, isbn, fecha_publicacion, precio, disponible, editorial_id) VALUES (133, 'El Carta Antigua de la Niebla', 'Andrés Reyes', '9780000000133', DATE '2003-02-22', 34.75, TRUE, 3);
INSERT INTO libros (id, tittle, author, isbn, fecha_publicacion, precio, disponible, editorial_id) VALUES (134, 'El Llave Salvaje de la Lluvia', 'Valentina Castro', '9780000000134', DATE '2004-03-23', 35.50, TRUE, 4);
INSERT INTO libros (id, tittle, author, isbn, fecha_publicacion, precio, disponible, editorial_id) VALUES (135, 'La Ecosistema Lenta del Código', 'Nicolás Pineda', '9780000000135', DATE '2005-04-24', 36.25, TRUE, 5);
INSERT INTO libros (id, tittle, author, isbn, fecha_publicacion, precio, disponible, editorial_id) VALUES (136, 'El Archivo Imposible de Cristal', 'Sofía Guzmán', '9780000000136', DATE '2006-05-25', 37.00, TRUE, 6);
INSERT INTO libros (id, tittle, author, isbn, fecha_publicacion, precio, disponible, editorial_id) VALUES (137, 'El Tren Paralela del Viento', 'Daniel Delgado', '9780000000137', DATE '2007-06-26', 37.75, TRUE, 7);
INSERT INTO libros (id, tittle, author, isbn, fecha_publicacion, precio, disponible, editorial_id) VALUES (138, 'La Mapa Sagrada de Ceniza', 'Renata Quintero', '9780000000138', DATE '2008-07-27', 38.50, TRUE, 8);
INSERT INTO libros (id, tittle, author, isbn, fecha_publicacion, precio, disponible, editorial_id) VALUES (139, 'El Algoritmo Invisible del Norte', 'Diego Campos', '9780000000139', DATE '2009-08-28', 39.25, TRUE, 9);
INSERT INTO libros (id, tittle, author, isbn, fecha_publicacion, precio, disponible, editorial_id) VALUES (140, 'El Jardín Eterna de Medianoche', 'Lucía Ríos', '9780000000140', DATE '2010-09-01', 40.00, TRUE, 10);
INSERT INTO libros (id, tittle, author, isbn, fecha_publicacion, precio, disponible, editorial_id) VALUES (141, 'La Ciudad Silenciosa de Sal', 'Santiago Cortés', '9780000000141', DATE '2011-10-02', 40.75, TRUE, 1);
INSERT INTO libros (id, tittle, author, isbn, fecha_publicacion, precio, disponible, editorial_id) VALUES (142, 'El Biblioteca Última de Fuego', 'Martina Silva', '9780000000142', DATE '2012-11-03', 41.50, TRUE, 2);
INSERT INTO libros (id, tittle, author, isbn, fecha_publicacion, precio, disponible, editorial_id) VALUES (143, 'El Constelación Infinita de Papel', 'Tomás Herrera', '9780000000143', DATE '2013-12-04', 42.25, TRUE, 3);
INSERT INTO libros (id, tittle, author, isbn, fecha_publicacion, precio, disponible, editorial_id) VALUES (144, 'La Puerta Perdida del Tiempo', 'Isabella Navarro', '9780000000144', DATE '2014-01-05', 43.00, TRUE, 4);
INSERT INTO libros (id, tittle, author, isbn, fecha_publicacion, precio, disponible, editorial_id) VALUES (145, 'El Sombra Oscura de los Sueños', 'Julián Serrano', '9780000000145', DATE '2015-02-06', 43.75, TRUE, 5);
INSERT INTO libros (id, tittle, author, isbn, fecha_publicacion, precio, disponible, editorial_id) VALUES (146, 'El Isla Secreta de Hierro', 'Paula Salazar', '9780000000146', DATE '2016-03-07', 44.50, TRUE, 6);
INSERT INTO libros (id, tittle, author, isbn, fecha_publicacion, precio, disponible, editorial_id) VALUES (147, 'La Tormenta Azul del Olvido', 'Mateo Ortega', '9780000000147', DATE '2017-04-08', 45.25, TRUE, 7);
INSERT INTO libros (id, tittle, author, isbn, fecha_publicacion, precio, disponible, editorial_id) VALUES (148, 'El Ruta Rota de la Niebla', 'Camila Ibáñez', '9780000000148', DATE '2018-05-09', 46.00, TRUE, 8);
INSERT INTO libros (id, tittle, author, isbn, fecha_publicacion, precio, disponible, editorial_id) VALUES (149, 'El Memoria Brillante de la Lluvia', 'Sebastián Vargas', '9780000000149', DATE '2019-06-10', 46.75, TRUE, 9);
INSERT INTO libros (id, tittle, author, isbn, fecha_publicacion, precio, disponible, editorial_id) VALUES (150, 'La Frontera Errante del Código', 'Emma Luna', '9780000000150', DATE '2020-07-11', 10.00, TRUE, 10);
INSERT INTO libros (id, tittle, author, isbn, fecha_publicacion, precio, disponible, editorial_id) VALUES (151, 'El Máquina Prohibida de Cristal', 'Gabriel Medina', '9780000000151', DATE '2021-08-12', 10.75, TRUE, 1);
INSERT INTO libros (id, tittle, author, isbn, fecha_publicacion, precio, disponible, editorial_id) VALUES (152, 'El Catedral Frágil del Viento', 'Elena Mendoza', '9780000000152', DATE '2022-09-13', 11.50, TRUE, 2);
INSERT INTO libros (id, tittle, author, isbn, fecha_publicacion, precio, disponible, editorial_id) VALUES (153, 'La Carta Antigua de Ceniza', 'Andrés Reyes', '9780000000153', DATE '2023-10-14', 12.25, TRUE, 3);
INSERT INTO libros (id, tittle, author, isbn, fecha_publicacion, precio, disponible, editorial_id) VALUES (154, 'El Llave Salvaje del Norte', 'Valentina Castro', '9780000000154', DATE '2024-11-15', 13.00, TRUE, 4);
INSERT INTO libros (id, tittle, author, isbn, fecha_publicacion, precio, disponible, editorial_id) VALUES (155, 'El Ecosistema Lenta de Medianoche', 'Nicolás Pineda', '9780000000155', DATE '2025-12-16', 13.75, TRUE, 5);
INSERT INTO libros (id, tittle, author, isbn, fecha_publicacion, precio, disponible, editorial_id) VALUES (156, 'La Archivo Imposible de Sal', 'Sofía Guzmán', '9780000000156', DATE '2000-01-17', 14.50, TRUE, 6);
INSERT INTO libros (id, tittle, author, isbn, fecha_publicacion, precio, disponible, editorial_id) VALUES (157, 'El Tren Paralela de Fuego', 'Daniel Delgado', '9780000000157', DATE '2001-02-18', 15.25, TRUE, 7);
INSERT INTO libros (id, tittle, author, isbn, fecha_publicacion, precio, disponible, editorial_id) VALUES (158, 'El Mapa Sagrada de Papel', 'Renata Quintero', '9780000000158', DATE '2002-03-19', 16.00, TRUE, 8);
INSERT INTO libros (id, tittle, author, isbn, fecha_publicacion, precio, disponible, editorial_id) VALUES (159, 'La Algoritmo Invisible del Tiempo', 'Diego Campos', '9780000000159', DATE '2003-04-20', 16.75, TRUE, 9);
INSERT INTO libros (id, tittle, author, isbn, fecha_publicacion, precio, disponible, editorial_id) VALUES (160, 'El Jardín Eterna de los Sueños', 'Lucía Ríos', '9780000000160', DATE '2004-05-21', 17.50, TRUE, 10);
INSERT INTO libros (id, tittle, author, isbn, fecha_publicacion, precio, disponible, editorial_id) VALUES (161, 'El Ciudad Silenciosa de Hierro', 'Santiago Cortés', '9780000000161', DATE '2005-06-22', 18.25, TRUE, 1);
INSERT INTO libros (id, tittle, author, isbn, fecha_publicacion, precio, disponible, editorial_id) VALUES (162, 'La Biblioteca Última del Olvido', 'Martina Silva', '9780000000162', DATE '2006-07-23', 19.00, TRUE, 2);
INSERT INTO libros (id, tittle, author, isbn, fecha_publicacion, precio, disponible, editorial_id) VALUES (163, 'El Constelación Infinita de la Niebla', 'Tomás Herrera', '9780000000163', DATE '2007-08-24', 19.75, TRUE, 3);
INSERT INTO libros (id, tittle, author, isbn, fecha_publicacion, precio, disponible, editorial_id) VALUES (164, 'El Puerta Perdida de la Lluvia', 'Isabella Navarro', '9780000000164', DATE '2008-09-25', 20.50, TRUE, 4);
INSERT INTO libros (id, tittle, author, isbn, fecha_publicacion, precio, disponible, editorial_id) VALUES (165, 'La Sombra Oscura del Código', 'Julián Serrano', '9780000000165', DATE '2009-10-26', 21.25, TRUE, 5);
INSERT INTO libros (id, tittle, author, isbn, fecha_publicacion, precio, disponible, editorial_id) VALUES (166, 'El Isla Secreta de Cristal', 'Paula Salazar', '9780000000166', DATE '2010-11-27', 22.00, TRUE, 6);
INSERT INTO libros (id, tittle, author, isbn, fecha_publicacion, precio, disponible, editorial_id) VALUES (167, 'El Tormenta Azul del Viento', 'Mateo Ortega', '9780000000167', DATE '2011-12-28', 22.75, TRUE, 7);
INSERT INTO libros (id, tittle, author, isbn, fecha_publicacion, precio, disponible, editorial_id) VALUES (168, 'La Ruta Rota de Ceniza', 'Camila Ibáñez', '9780000000168', DATE '2012-01-01', 23.50, TRUE, 8);
INSERT INTO libros (id, tittle, author, isbn, fecha_publicacion, precio, disponible, editorial_id) VALUES (169, 'El Memoria Brillante del Norte', 'Sebastián Vargas', '9780000000169', DATE '2013-02-02', 24.25, TRUE, 9);
INSERT INTO libros (id, tittle, author, isbn, fecha_publicacion, precio, disponible, editorial_id) VALUES (170, 'El Frontera Errante de Medianoche', 'Emma Luna', '9780000000170', DATE '2014-03-03', 25.00, TRUE, 10);
INSERT INTO libros (id, tittle, author, isbn, fecha_publicacion, precio, disponible, editorial_id) VALUES (171, 'La Máquina Prohibida de Sal', 'Gabriel Medina', '9780000000171', DATE '2015-04-04', 25.75, TRUE, 1);
INSERT INTO libros (id, tittle, author, isbn, fecha_publicacion, precio, disponible, editorial_id) VALUES (172, 'El Catedral Frágil de Fuego', 'Elena Mendoza', '9780000000172', DATE '2016-05-05', 26.50, TRUE, 2);
INSERT INTO libros (id, tittle, author, isbn, fecha_publicacion, precio, disponible, editorial_id) VALUES (173, 'El Carta Antigua de Papel', 'Andrés Reyes', '9780000000173', DATE '2017-06-06', 27.25, TRUE, 3);
INSERT INTO libros (id, tittle, author, isbn, fecha_publicacion, precio, disponible, editorial_id) VALUES (174, 'La Llave Salvaje del Tiempo', 'Valentina Castro', '9780000000174', DATE '2018-07-07', 28.00, TRUE, 4);
INSERT INTO libros (id, tittle, author, isbn, fecha_publicacion, precio, disponible, editorial_id) VALUES (175, 'El Ecosistema Lenta de los Sueños', 'Nicolás Pineda', '9780000000175', DATE '2019-08-08', 28.75, TRUE, 5);
INSERT INTO libros (id, tittle, author, isbn, fecha_publicacion, precio, disponible, editorial_id) VALUES (176, 'El Archivo Imposible de Hierro', 'Sofía Guzmán', '9780000000176', DATE '2020-09-09', 29.50, TRUE, 6);
INSERT INTO libros (id, tittle, author, isbn, fecha_publicacion, precio, disponible, editorial_id) VALUES (177, 'La Tren Paralela del Olvido', 'Daniel Delgado', '9780000000177', DATE '2021-10-10', 30.25, TRUE, 7);
INSERT INTO libros (id, tittle, author, isbn, fecha_publicacion, precio, disponible, editorial_id) VALUES (178, 'El Mapa Sagrada de la Niebla', 'Renata Quintero', '9780000000178', DATE '2022-11-11', 31.00, TRUE, 8);
INSERT INTO libros (id, tittle, author, isbn, fecha_publicacion, precio, disponible, editorial_id) VALUES (179, 'El Algoritmo Invisible de la Lluvia', 'Diego Campos', '9780000000179', DATE '2023-12-12', 31.75, TRUE, 9);
INSERT INTO libros (id, tittle, author, isbn, fecha_publicacion, precio, disponible, editorial_id) VALUES (180, 'La Jardín Eterna del Código', 'Lucía Ríos', '9780000000180', DATE '2024-01-13', 32.50, TRUE, 10);
INSERT INTO libros (id, tittle, author, isbn, fecha_publicacion, precio, disponible, editorial_id) VALUES (181, 'El Ciudad Silenciosa de Cristal', 'Santiago Cortés', '9780000000181', DATE '2025-02-14', 33.25, TRUE, 1);
INSERT INTO libros (id, tittle, author, isbn, fecha_publicacion, precio, disponible, editorial_id) VALUES (182, 'El Biblioteca Última del Viento', 'Martina Silva', '9780000000182', DATE '2000-03-15', 34.00, TRUE, 2);
INSERT INTO libros (id, tittle, author, isbn, fecha_publicacion, precio, disponible, editorial_id) VALUES (183, 'La Constelación Infinita de Ceniza', 'Tomás Herrera', '9780000000183', DATE '2001-04-16', 34.75, TRUE, 3);
INSERT INTO libros (id, tittle, author, isbn, fecha_publicacion, precio, disponible, editorial_id) VALUES (184, 'El Puerta Perdida del Norte', 'Isabella Navarro', '9780000000184', DATE '2002-05-17', 35.50, TRUE, 4);
INSERT INTO libros (id, tittle, author, isbn, fecha_publicacion, precio, disponible, editorial_id) VALUES (185, 'El Sombra Oscura de Medianoche', 'Julián Serrano', '9780000000185', DATE '2003-06-18', 36.25, TRUE, 5);
INSERT INTO libros (id, tittle, author, isbn, fecha_publicacion, precio, disponible, editorial_id) VALUES (186, 'La Isla Secreta de Sal', 'Paula Salazar', '9780000000186', DATE '2004-07-19', 37.00, TRUE, 6);
INSERT INTO libros (id, tittle, author, isbn, fecha_publicacion, precio, disponible, editorial_id) VALUES (187, 'El Tormenta Azul de Fuego', 'Mateo Ortega', '9780000000187', DATE '2005-08-20', 37.75, TRUE, 7);
INSERT INTO libros (id, tittle, author, isbn, fecha_publicacion, precio, disponible, editorial_id) VALUES (188, 'El Ruta Rota de Papel', 'Camila Ibáñez', '9780000000188', DATE '2006-09-21', 38.50, TRUE, 8);
INSERT INTO libros (id, tittle, author, isbn, fecha_publicacion, precio, disponible, editorial_id) VALUES (189, 'La Memoria Brillante del Tiempo', 'Sebastián Vargas', '9780000000189', DATE '2007-10-22', 39.25, TRUE, 9);
INSERT INTO libros (id, tittle, author, isbn, fecha_publicacion, precio, disponible, editorial_id) VALUES (190, 'El Frontera Errante de los Sueños', 'Emma Luna', '9780000000190', DATE '2008-11-23', 40.00, TRUE, 10);
INSERT INTO libros (id, tittle, author, isbn, fecha_publicacion, precio, disponible, editorial_id) VALUES (191, 'El Máquina Prohibida de Hierro', 'Gabriel Medina', '9780000000191', DATE '2009-12-24', 40.75, TRUE, 1);
INSERT INTO libros (id, tittle, author, isbn, fecha_publicacion, precio, disponible, editorial_id) VALUES (192, 'La Catedral Frágil del Olvido', 'Elena Mendoza', '9780000000192', DATE '2010-01-25', 41.50, TRUE, 2);
INSERT INTO libros (id, tittle, author, isbn, fecha_publicacion, precio, disponible, editorial_id) VALUES (193, 'El Carta Antigua de la Niebla', 'Andrés Reyes', '9780000000193', DATE '2011-02-26', 42.25, TRUE, 3);
INSERT INTO libros (id, tittle, author, isbn, fecha_publicacion, precio, disponible, editorial_id) VALUES (194, 'El Llave Salvaje de la Lluvia', 'Valentina Castro', '9780000000194', DATE '2012-03-27', 43.00, TRUE, 4);
INSERT INTO libros (id, tittle, author, isbn, fecha_publicacion, precio, disponible, editorial_id) VALUES (195, 'La Ecosistema Lenta del Código', 'Nicolás Pineda', '9780000000195', DATE '2013-04-28', 43.75, TRUE, 5);
INSERT INTO libros (id, tittle, author, isbn, fecha_publicacion, precio, disponible, editorial_id) VALUES (196, 'El Archivo Imposible de Cristal', 'Sofía Guzmán', '9780000000196', DATE '2014-05-01', 44.50, TRUE, 6);
INSERT INTO libros (id, tittle, author, isbn, fecha_publicacion, precio, disponible, editorial_id) VALUES (197, 'El Tren Paralela del Viento', 'Daniel Delgado', '9780000000197', DATE '2015-06-02', 45.25, TRUE, 7);
INSERT INTO libros (id, tittle, author, isbn, fecha_publicacion, precio, disponible, editorial_id) VALUES (198, 'La Mapa Sagrada de Ceniza', 'Renata Quintero', '9780000000198', DATE '2016-07-03', 46.00, TRUE, 8);
INSERT INTO libros (id, tittle, author, isbn, fecha_publicacion, precio, disponible, editorial_id) VALUES (199, 'El Algoritmo Invisible del Norte', 'Diego Campos', '9780000000199', DATE '2017-08-04', 46.75, TRUE, 9);
INSERT INTO libros (id, tittle, author, isbn, fecha_publicacion, precio, disponible, editorial_id) VALUES (200, 'El Jardín Eterna de Medianoche', 'Lucía Ríos', '9780000000200', DATE '2018-09-05', 10.00, TRUE, 10);

-- ==========================
-- Relaciones libros_generos (>= 250)
-- Regla: 1 género principal por libro; +1 género extra en pares; +1 extra en múltiplos de 5
-- ==========================
INSERT INTO libros_generos (libro_id, genero_id) VALUES (1, 1);
INSERT INTO libros_generos (libro_id, genero_id) VALUES (2, 2);
INSERT INTO libros_generos (libro_id, genero_id) VALUES (2, 3);
INSERT INTO libros_generos (libro_id, genero_id) VALUES (3, 3);
INSERT INTO libros_generos (libro_id, genero_id) VALUES (4, 4);
INSERT INTO libros_generos (libro_id, genero_id) VALUES (4, 5);
INSERT INTO libros_generos (libro_id, genero_id) VALUES (5, 5);
INSERT INTO libros_generos (libro_id, genero_id) VALUES (5, 1);
INSERT INTO libros_generos (libro_id, genero_id) VALUES (6, 6);
INSERT INTO libros_generos (libro_id, genero_id) VALUES (6, 7);
INSERT INTO libros_generos (libro_id, genero_id) VALUES (7, 7);
INSERT INTO libros_generos (libro_id, genero_id) VALUES (8, 1);
INSERT INTO libros_generos (libro_id, genero_id) VALUES (8, 2);
INSERT INTO libros_generos (libro_id, genero_id) VALUES (9, 2);
INSERT INTO libros_generos (libro_id, genero_id) VALUES (10, 3);
INSERT INTO libros_generos (libro_id, genero_id) VALUES (10, 4);
INSERT INTO libros_generos (libro_id, genero_id) VALUES (10, 6);
INSERT INTO libros_generos (libro_id, genero_id) VALUES (11, 4);
INSERT INTO libros_generos (libro_id, genero_id) VALUES (12, 5);
INSERT INTO libros_generos (libro_id, genero_id) VALUES (12, 6);
INSERT INTO libros_generos (libro_id, genero_id) VALUES (13, 6);
INSERT INTO libros_generos (libro_id, genero_id) VALUES (14, 7);
INSERT INTO libros_generos (libro_id, genero_id) VALUES (14, 1);
INSERT INTO libros_generos (libro_id, genero_id) VALUES (15, 1);
INSERT INTO libros_generos (libro_id, genero_id) VALUES (15, 4);
INSERT INTO libros_generos (libro_id, genero_id) VALUES (16, 2);
INSERT INTO libros_generos (libro_id, genero_id) VALUES (16, 3);
INSERT INTO libros_generos (libro_id, genero_id) VALUES (17, 3);
INSERT INTO libros_generos (libro_id, genero_id) VALUES (18, 4);
INSERT INTO libros_generos (libro_id, genero_id) VALUES (18, 5);
INSERT INTO libros_generos (libro_id, genero_id) VALUES (19, 5);
INSERT INTO libros_generos (libro_id, genero_id) VALUES (20, 6);
INSERT INTO libros_generos (libro_id, genero_id) VALUES (20, 7);
INSERT INTO libros_generos (libro_id, genero_id) VALUES (20, 2);
INSERT INTO libros_generos (libro_id, genero_id) VALUES (21, 7);
INSERT INTO libros_generos (libro_id, genero_id) VALUES (22, 1);
INSERT INTO libros_generos (libro_id, genero_id) VALUES (22, 2);
INSERT INTO libros_generos (libro_id, genero_id) VALUES (23, 2);
INSERT INTO libros_generos (libro_id, genero_id) VALUES (24, 3);
INSERT INTO libros_generos (libro_id, genero_id) VALUES (24, 4);
INSERT INTO libros_generos (libro_id, genero_id) VALUES (25, 4);
INSERT INTO libros_generos (libro_id, genero_id) VALUES (25, 7);
INSERT INTO libros_generos (libro_id, genero_id) VALUES (26, 5);
INSERT INTO libros_generos (libro_id, genero_id) VALUES (26, 6);
INSERT INTO libros_generos (libro_id, genero_id) VALUES (27, 6);
INSERT INTO libros_generos (libro_id, genero_id) VALUES (28, 7);
INSERT INTO libros_generos (libro_id, genero_id) VALUES (28, 1);
INSERT INTO libros_generos (libro_id, genero_id) VALUES (29, 1);
INSERT INTO libros_generos (libro_id, genero_id) VALUES (30, 2);
INSERT INTO libros_generos (libro_id, genero_id) VALUES (30, 3);
INSERT INTO libros_generos (libro_id, genero_id) VALUES (30, 5);
INSERT INTO libros_generos (libro_id, genero_id) VALUES (31, 3);
INSERT INTO libros_generos (libro_id, genero_id) VALUES (32, 4);
INSERT INTO libros_generos (libro_id, genero_id) VALUES (32, 5);
INSERT INTO libros_generos (libro_id, genero_id) VALUES (33, 5);
INSERT INTO libros_generos (libro_id, genero_id) VALUES (34, 6);
INSERT INTO libros_generos (libro_id, genero_id) VALUES (34, 7);
INSERT INTO libros_generos (libro_id, genero_id) VALUES (35, 7);
INSERT INTO libros_generos (libro_id, genero_id) VALUES (35, 3);
INSERT INTO libros_generos (libro_id, genero_id) VALUES (36, 1);
INSERT INTO libros_generos (libro_id, genero_id) VALUES (36, 2);
INSERT INTO libros_generos (libro_id, genero_id) VALUES (37, 2);
INSERT INTO libros_generos (libro_id, genero_id) VALUES (38, 3);
INSERT INTO libros_generos (libro_id, genero_id) VALUES (38, 4);
INSERT INTO libros_generos (libro_id, genero_id) VALUES (39, 4);
INSERT INTO libros_generos (libro_id, genero_id) VALUES (40, 5);
INSERT INTO libros_generos (libro_id, genero_id) VALUES (40, 6);
INSERT INTO libros_generos (libro_id, genero_id) VALUES (40, 1);
INSERT INTO libros_generos (libro_id, genero_id) VALUES (41, 6);
INSERT INTO libros_generos (libro_id, genero_id) VALUES (42, 7);
INSERT INTO libros_generos (libro_id, genero_id) VALUES (42, 1);
INSERT INTO libros_generos (libro_id, genero_id) VALUES (43, 1);
INSERT INTO libros_generos (libro_id, genero_id) VALUES (44, 2);
INSERT INTO libros_generos (libro_id, genero_id) VALUES (44, 3);
INSERT INTO libros_generos (libro_id, genero_id) VALUES (45, 3);
INSERT INTO libros_generos (libro_id, genero_id) VALUES (45, 6);
INSERT INTO libros_generos (libro_id, genero_id) VALUES (46, 4);
INSERT INTO libros_generos (libro_id, genero_id) VALUES (46, 5);
INSERT INTO libros_generos (libro_id, genero_id) VALUES (47, 5);
INSERT INTO libros_generos (libro_id, genero_id) VALUES (48, 6);
INSERT INTO libros_generos (libro_id, genero_id) VALUES (48, 7);
INSERT INTO libros_generos (libro_id, genero_id) VALUES (49, 7);
INSERT INTO libros_generos (libro_id, genero_id) VALUES (50, 1);
INSERT INTO libros_generos (libro_id, genero_id) VALUES (50, 2);
INSERT INTO libros_generos (libro_id, genero_id) VALUES (50, 4);
INSERT INTO libros_generos (libro_id, genero_id) VALUES (51, 2);
INSERT INTO libros_generos (libro_id, genero_id) VALUES (52, 3);
INSERT INTO libros_generos (libro_id, genero_id) VALUES (52, 4);
INSERT INTO libros_generos (libro_id, genero_id) VALUES (53, 4);
INSERT INTO libros_generos (libro_id, genero_id) VALUES (54, 5);
INSERT INTO libros_generos (libro_id, genero_id) VALUES (54, 6);
INSERT INTO libros_generos (libro_id, genero_id) VALUES (55, 6);
INSERT INTO libros_generos (libro_id, genero_id) VALUES (55, 2);
INSERT INTO libros_generos (libro_id, genero_id) VALUES (56, 7);
INSERT INTO libros_generos (libro_id, genero_id) VALUES (56, 1);
INSERT INTO libros_generos (libro_id, genero_id) VALUES (57, 1);
INSERT INTO libros_generos (libro_id, genero_id) VALUES (58, 2);
INSERT INTO libros_generos (libro_id, genero_id) VALUES (58, 3);
INSERT INTO libros_generos (libro_id, genero_id) VALUES (59, 3);
INSERT INTO libros_generos (libro_id, genero_id) VALUES (60, 4);
INSERT INTO libros_generos (libro_id, genero_id) VALUES (60, 5);
INSERT INTO libros_generos (libro_id, genero_id) VALUES (60, 7);
INSERT INTO libros_generos (libro_id, genero_id) VALUES (61, 5);
INSERT INTO libros_generos (libro_id, genero_id) VALUES (62, 6);
INSERT INTO libros_generos (libro_id, genero_id) VALUES (62, 7);
INSERT INTO libros_generos (libro_id, genero_id) VALUES (63, 7);
INSERT INTO libros_generos (libro_id, genero_id) VALUES (64, 1);
INSERT INTO libros_generos (libro_id, genero_id) VALUES (64, 2);
INSERT INTO libros_generos (libro_id, genero_id) VALUES (65, 2);
INSERT INTO libros_generos (libro_id, genero_id) VALUES (65, 5);
INSERT INTO libros_generos (libro_id, genero_id) VALUES (66, 3);
INSERT INTO libros_generos (libro_id, genero_id) VALUES (66, 4);
INSERT INTO libros_generos (libro_id, genero_id) VALUES (67, 4);
INSERT INTO libros_generos (libro_id, genero_id) VALUES (68, 5);
INSERT INTO libros_generos (libro_id, genero_id) VALUES (68, 6);
INSERT INTO libros_generos (libro_id, genero_id) VALUES (69, 6);
INSERT INTO libros_generos (libro_id, genero_id) VALUES (70, 7);
INSERT INTO libros_generos (libro_id, genero_id) VALUES (70, 1);
INSERT INTO libros_generos (libro_id, genero_id) VALUES (70, 3);
INSERT INTO libros_generos (libro_id, genero_id) VALUES (71, 1);
INSERT INTO libros_generos (libro_id, genero_id) VALUES (72, 2);
INSERT INTO libros_generos (libro_id, genero_id) VALUES (72, 3);
INSERT INTO libros_generos (libro_id, genero_id) VALUES (73, 3);
INSERT INTO libros_generos (libro_id, genero_id) VALUES (74, 4);
INSERT INTO libros_generos (libro_id, genero_id) VALUES (74, 5);
INSERT INTO libros_generos (libro_id, genero_id) VALUES (75, 5);
INSERT INTO libros_generos (libro_id, genero_id) VALUES (75, 1);
INSERT INTO libros_generos (libro_id, genero_id) VALUES (76, 6);
INSERT INTO libros_generos (libro_id, genero_id) VALUES (76, 7);
INSERT INTO libros_generos (libro_id, genero_id) VALUES (77, 7);
INSERT INTO libros_generos (libro_id, genero_id) VALUES (78, 1);
INSERT INTO libros_generos (libro_id, genero_id) VALUES (78, 2);
INSERT INTO libros_generos (libro_id, genero_id) VALUES (79, 2);
INSERT INTO libros_generos (libro_id, genero_id) VALUES (80, 3);
INSERT INTO libros_generos (libro_id, genero_id) VALUES (80, 4);
INSERT INTO libros_generos (libro_id, genero_id) VALUES (80, 6);
INSERT INTO libros_generos (libro_id, genero_id) VALUES (81, 4);
INSERT INTO libros_generos (libro_id, genero_id) VALUES (82, 5);
INSERT INTO libros_generos (libro_id, genero_id) VALUES (82, 6);
INSERT INTO libros_generos (libro_id, genero_id) VALUES (83, 6);
INSERT INTO libros_generos (libro_id, genero_id) VALUES (84, 7);
INSERT INTO libros_generos (libro_id, genero_id) VALUES (84, 1);
INSERT INTO libros_generos (libro_id, genero_id) VALUES (85, 1);
INSERT INTO libros_generos (libro_id, genero_id) VALUES (85, 4);
INSERT INTO libros_generos (libro_id, genero_id) VALUES (86, 2);
INSERT INTO libros_generos (libro_id, genero_id) VALUES (86, 3);
INSERT INTO libros_generos (libro_id, genero_id) VALUES (87, 3);
INSERT INTO libros_generos (libro_id, genero_id) VALUES (88, 4);
INSERT INTO libros_generos (libro_id, genero_id) VALUES (88, 5);
INSERT INTO libros_generos (libro_id, genero_id) VALUES (89, 5);
INSERT INTO libros_generos (libro_id, genero_id) VALUES (90, 6);
INSERT INTO libros_generos (libro_id, genero_id) VALUES (90, 7);
INSERT INTO libros_generos (libro_id, genero_id) VALUES (90, 2);
INSERT INTO libros_generos (libro_id, genero_id) VALUES (91, 7);
INSERT INTO libros_generos (libro_id, genero_id) VALUES (92, 1);
INSERT INTO libros_generos (libro_id, genero_id) VALUES (92, 2);
INSERT INTO libros_generos (libro_id, genero_id) VALUES (93, 2);
INSERT INTO libros_generos (libro_id, genero_id) VALUES (94, 3);
INSERT INTO libros_generos (libro_id, genero_id) VALUES (94, 4);
INSERT INTO libros_generos (libro_id, genero_id) VALUES (95, 4);
INSERT INTO libros_generos (libro_id, genero_id) VALUES (95, 7);
INSERT INTO libros_generos (libro_id, genero_id) VALUES (96, 5);
INSERT INTO libros_generos (libro_id, genero_id) VALUES (96, 6);
INSERT INTO libros_generos (libro_id, genero_id) VALUES (97, 6);
INSERT INTO libros_generos (libro_id, genero_id) VALUES (98, 7);
INSERT INTO libros_generos (libro_id, genero_id) VALUES (98, 1);
INSERT INTO libros_generos (libro_id, genero_id) VALUES (99, 1);
INSERT INTO libros_generos (libro_id, genero_id) VALUES (100, 2);
INSERT INTO libros_generos (libro_id, genero_id) VALUES (100, 3);
INSERT INTO libros_generos (libro_id, genero_id) VALUES (100, 5);
INSERT INTO libros_generos (libro_id, genero_id) VALUES (101, 3);
INSERT INTO libros_generos (libro_id, genero_id) VALUES (102, 4);
INSERT INTO libros_generos (libro_id, genero_id) VALUES (102, 5);
INSERT INTO libros_generos (libro_id, genero_id) VALUES (103, 5);
INSERT INTO libros_generos (libro_id, genero_id) VALUES (104, 6);
INSERT INTO libros_generos (libro_id, genero_id) VALUES (104, 7);
INSERT INTO libros_generos (libro_id, genero_id) VALUES (105, 7);
INSERT INTO libros_generos (libro_id, genero_id) VALUES (105, 3);
INSERT INTO libros_generos (libro_id, genero_id) VALUES (106, 1);
INSERT INTO libros_generos (libro_id, genero_id) VALUES (106, 2);
INSERT INTO libros_generos (libro_id, genero_id) VALUES (107, 2);
INSERT INTO libros_generos (libro_id, genero_id) VALUES (108, 3);
INSERT INTO libros_generos (libro_id, genero_id) VALUES (108, 4);
INSERT INTO libros_generos (libro_id, genero_id) VALUES (109, 4);
INSERT INTO libros_generos (libro_id, genero_id) VALUES (110, 5);
INSERT INTO libros_generos (libro_id, genero_id) VALUES (110, 6);
INSERT INTO libros_generos (libro_id, genero_id) VALUES (110, 1);
INSERT INTO libros_generos (libro_id, genero_id) VALUES (111, 6);
INSERT INTO libros_generos (libro_id, genero_id) VALUES (112, 7);
INSERT INTO libros_generos (libro_id, genero_id) VALUES (112, 1);
INSERT INTO libros_generos (libro_id, genero_id) VALUES (113, 1);
INSERT INTO libros_generos (libro_id, genero_id) VALUES (114, 2);
INSERT INTO libros_generos (libro_id, genero_id) VALUES (114, 3);
INSERT INTO libros_generos (libro_id, genero_id) VALUES (115, 3);
INSERT INTO libros_generos (libro_id, genero_id) VALUES (115, 6);
INSERT INTO libros_generos (libro_id, genero_id) VALUES (116, 4);
INSERT INTO libros_generos (libro_id, genero_id) VALUES (116, 5);
INSERT INTO libros_generos (libro_id, genero_id) VALUES (117, 5);
INSERT INTO libros_generos (libro_id, genero_id) VALUES (118, 6);
INSERT INTO libros_generos (libro_id, genero_id) VALUES (118, 7);
INSERT INTO libros_generos (libro_id, genero_id) VALUES (119, 7);
INSERT INTO libros_generos (libro_id, genero_id) VALUES (120, 1);
INSERT INTO libros_generos (libro_id, genero_id) VALUES (120, 2);
INSERT INTO libros_generos (libro_id, genero_id) VALUES (120, 4);
INSERT INTO libros_generos (libro_id, genero_id) VALUES (121, 2);
INSERT INTO libros_generos (libro_id, genero_id) VALUES (122, 3);
INSERT INTO libros_generos (libro_id, genero_id) VALUES (122, 4);
INSERT INTO libros_generos (libro_id, genero_id) VALUES (123, 4);
INSERT INTO libros_generos (libro_id, genero_id) VALUES (124, 5);
INSERT INTO libros_generos (libro_id, genero_id) VALUES (124, 6);
INSERT INTO libros_generos (libro_id, genero_id) VALUES (125, 6);
INSERT INTO libros_generos (libro_id, genero_id) VALUES (125, 2);
INSERT INTO libros_generos (libro_id, genero_id) VALUES (126, 7);
INSERT INTO libros_generos (libro_id, genero_id) VALUES (126, 1);
INSERT INTO libros_generos (libro_id, genero_id) VALUES (127, 1);
INSERT INTO libros_generos (libro_id, genero_id) VALUES (128, 2);
INSERT INTO libros_generos (libro_id, genero_id) VALUES (128, 3);
INSERT INTO libros_generos (libro_id, genero_id) VALUES (129, 3);
INSERT INTO libros_generos (libro_id, genero_id) VALUES (130, 4);
INSERT INTO libros_generos (libro_id, genero_id) VALUES (130, 5);
INSERT INTO libros_generos (libro_id, genero_id) VALUES (130, 7);
INSERT INTO libros_generos (libro_id, genero_id) VALUES (131, 5);
INSERT INTO libros_generos (libro_id, genero_id) VALUES (132, 6);
INSERT INTO libros_generos (libro_id, genero_id) VALUES (132, 7);
INSERT INTO libros_generos (libro_id, genero_id) VALUES (133, 7);
INSERT INTO libros_generos (libro_id, genero_id) VALUES (134, 1);
INSERT INTO libros_generos (libro_id, genero_id) VALUES (134, 2);
INSERT INTO libros_generos (libro_id, genero_id) VALUES (135, 2);
INSERT INTO libros_generos (libro_id, genero_id) VALUES (135, 5);
INSERT INTO libros_generos (libro_id, genero_id) VALUES (136, 3);
INSERT INTO libros_generos (libro_id, genero_id) VALUES (136, 4);
INSERT INTO libros_generos (libro_id, genero_id) VALUES (137, 4);
INSERT INTO libros_generos (libro_id, genero_id) VALUES (138, 5);
INSERT INTO libros_generos (libro_id, genero_id) VALUES (138, 6);
INSERT INTO libros_generos (libro_id, genero_id) VALUES (139, 6);
INSERT INTO libros_generos (libro_id, genero_id) VALUES (140, 7);
INSERT INTO libros_generos (libro_id, genero_id) VALUES (140, 1);
INSERT INTO libros_generos (libro_id, genero_id) VALUES (140, 3);
INSERT INTO libros_generos (libro_id, genero_id) VALUES (141, 1);
INSERT INTO libros_generos (libro_id, genero_id) VALUES (142, 2);
INSERT INTO libros_generos (libro_id, genero_id) VALUES (142, 3);
INSERT INTO libros_generos (libro_id, genero_id) VALUES (143, 3);
INSERT INTO libros_generos (libro_id, genero_id) VALUES (144, 4);
INSERT INTO libros_generos (libro_id, genero_id) VALUES (144, 5);
INSERT INTO libros_generos (libro_id, genero_id) VALUES (145, 5);
INSERT INTO libros_generos (libro_id, genero_id) VALUES (145, 1);
INSERT INTO libros_generos (libro_id, genero_id) VALUES (146, 6);
INSERT INTO libros_generos (libro_id, genero_id) VALUES (146, 7);
INSERT INTO libros_generos (libro_id, genero_id) VALUES (147, 7);
INSERT INTO libros_generos (libro_id, genero_id) VALUES (148, 1);
INSERT INTO libros_generos (libro_id, genero_id) VALUES (148, 2);
INSERT INTO libros_generos (libro_id, genero_id) VALUES (149, 2);
INSERT INTO libros_generos (libro_id, genero_id) VALUES (150, 3);
INSERT INTO libros_generos (libro_id, genero_id) VALUES (150, 4);
INSERT INTO libros_generos (libro_id, genero_id) VALUES (150, 6);
INSERT INTO libros_generos (libro_id, genero_id) VALUES (151, 4);
INSERT INTO libros_generos (libro_id, genero_id) VALUES (152, 5);
INSERT INTO libros_generos (libro_id, genero_id) VALUES (152, 6);
INSERT INTO libros_generos (libro_id, genero_id) VALUES (153, 6);
INSERT INTO libros_generos (libro_id, genero_id) VALUES (154, 7);
INSERT INTO libros_generos (libro_id, genero_id) VALUES (154, 1);
INSERT INTO libros_generos (libro_id, genero_id) VALUES (155, 1);
INSERT INTO libros_generos (libro_id, genero_id) VALUES (155, 4);
INSERT INTO libros_generos (libro_id, genero_id) VALUES (156, 2);
INSERT INTO libros_generos (libro_id, genero_id) VALUES (156, 3);
INSERT INTO libros_generos (libro_id, genero_id) VALUES (157, 3);
INSERT INTO libros_generos (libro_id, genero_id) VALUES (158, 4);
INSERT INTO libros_generos (libro_id, genero_id) VALUES (158, 5);
INSERT INTO libros_generos (libro_id, genero_id) VALUES (159, 5);
INSERT INTO libros_generos (libro_id, genero_id) VALUES (160, 6);
INSERT INTO libros_generos (libro_id, genero_id) VALUES (160, 7);
INSERT INTO libros_generos (libro_id, genero_id) VALUES (160, 2);
INSERT INTO libros_generos (libro_id, genero_id) VALUES (161, 7);
INSERT INTO libros_generos (libro_id, genero_id) VALUES (162, 1);
INSERT INTO libros_generos (libro_id, genero_id) VALUES (162, 2);
INSERT INTO libros_generos (libro_id, genero_id) VALUES (163, 2);
INSERT INTO libros_generos (libro_id, genero_id) VALUES (164, 3);
INSERT INTO libros_generos (libro_id, genero_id) VALUES (164, 4);
INSERT INTO libros_generos (libro_id, genero_id) VALUES (165, 4);
INSERT INTO libros_generos (libro_id, genero_id) VALUES (165, 7);
INSERT INTO libros_generos (libro_id, genero_id) VALUES (166, 5);
INSERT INTO libros_generos (libro_id, genero_id) VALUES (166, 6);
INSERT INTO libros_generos (libro_id, genero_id) VALUES (167, 6);
INSERT INTO libros_generos (libro_id, genero_id) VALUES (168, 7);
INSERT INTO libros_generos (libro_id, genero_id) VALUES (168, 1);
INSERT INTO libros_generos (libro_id, genero_id) VALUES (169, 1);
INSERT INTO libros_generos (libro_id, genero_id) VALUES (170, 2);
INSERT INTO libros_generos (libro_id, genero_id) VALUES (170, 3);
INSERT INTO libros_generos (libro_id, genero_id) VALUES (170, 5);
INSERT INTO libros_generos (libro_id, genero_id) VALUES (171, 3);
INSERT INTO libros_generos (libro_id, genero_id) VALUES (172, 4);
INSERT INTO libros_generos (libro_id, genero_id) VALUES (172, 5);
INSERT INTO libros_generos (libro_id, genero_id) VALUES (173, 5);
INSERT INTO libros_generos (libro_id, genero_id) VALUES (174, 6);
INSERT INTO libros_generos (libro_id, genero_id) VALUES (174, 7);
INSERT INTO libros_generos (libro_id, genero_id) VALUES (175, 7);
INSERT INTO libros_generos (libro_id, genero_id) VALUES (175, 3);
INSERT INTO libros_generos (libro_id, genero_id) VALUES (176, 1);
INSERT INTO libros_generos (libro_id, genero_id) VALUES (176, 2);
INSERT INTO libros_generos (libro_id, genero_id) VALUES (177, 2);
INSERT INTO libros_generos (libro_id, genero_id) VALUES (178, 3);
INSERT INTO libros_generos (libro_id, genero_id) VALUES (178, 4);
INSERT INTO libros_generos (libro_id, genero_id) VALUES (179, 4);
INSERT INTO libros_generos (libro_id, genero_id) VALUES (180, 5);
INSERT INTO libros_generos (libro_id, genero_id) VALUES (180, 6);
INSERT INTO libros_generos (libro_id, genero_id) VALUES (180, 1);
INSERT INTO libros_generos (libro_id, genero_id) VALUES (181, 6);
INSERT INTO libros_generos (libro_id, genero_id) VALUES (182, 7);
INSERT INTO libros_generos (libro_id, genero_id) VALUES (182, 1);
INSERT INTO libros_generos (libro_id, genero_id) VALUES (183, 1);
INSERT INTO libros_generos (libro_id, genero_id) VALUES (184, 2);
INSERT INTO libros_generos (libro_id, genero_id) VALUES (184, 3);
INSERT INTO libros_generos (libro_id, genero_id) VALUES (185, 3);
INSERT INTO libros_generos (libro_id, genero_id) VALUES (185, 6);
INSERT INTO libros_generos (libro_id, genero_id) VALUES (186, 4);
INSERT INTO libros_generos (libro_id, genero_id) VALUES (186, 5);
INSERT INTO libros_generos (libro_id, genero_id) VALUES (187, 5);
INSERT INTO libros_generos (libro_id, genero_id) VALUES (188, 6);
INSERT INTO libros_generos (libro_id, genero_id) VALUES (188, 7);
INSERT INTO libros_generos (libro_id, genero_id) VALUES (189, 7);
INSERT INTO libros_generos (libro_id, genero_id) VALUES (190, 1);
INSERT INTO libros_generos (libro_id, genero_id) VALUES (190, 2);
INSERT INTO libros_generos (libro_id, genero_id) VALUES (190, 4);
INSERT INTO libros_generos (libro_id, genero_id) VALUES (191, 2);
INSERT INTO libros_generos (libro_id, genero_id) VALUES (192, 3);
INSERT INTO libros_generos (libro_id, genero_id) VALUES (192, 4);
INSERT INTO libros_generos (libro_id, genero_id) VALUES (193, 4);
INSERT INTO libros_generos (libro_id, genero_id) VALUES (194, 5);
INSERT INTO libros_generos (libro_id, genero_id) VALUES (194, 6);
INSERT INTO libros_generos (libro_id, genero_id) VALUES (195, 6);
INSERT INTO libros_generos (libro_id, genero_id) VALUES (195, 2);
INSERT INTO libros_generos (libro_id, genero_id) VALUES (196, 7);
INSERT INTO libros_generos (libro_id, genero_id) VALUES (196, 1);
INSERT INTO libros_generos (libro_id, genero_id) VALUES (197, 1);
INSERT INTO libros_generos (libro_id, genero_id) VALUES (198, 2);
INSERT INTO libros_generos (libro_id, genero_id) VALUES (198, 3);
INSERT INTO libros_generos (libro_id, genero_id) VALUES (199, 3);
INSERT INTO libros_generos (libro_id, genero_id) VALUES (200, 4);
INSERT INTO libros_generos (libro_id, genero_id) VALUES (200, 5);
INSERT INTO libros_generos (libro_id, genero_id) VALUES (200, 7);

-- Total relaciones libros_generos: 340
